{
    "Density": {
        "table": [
            [
                1.8e-9
            ]
        ]
    },
    "Conductivity": {
        "table": [
            [
                0.389
            ]
        ]
    },
    "SpecificHeat": {
        "table": [
            [
                1255000000
            ]
        ]
    },
    "Elastic": {
        "table": [
            [
                2.9097,
                0.498
            ]
        ]
    },
    "Viscoelastic": {
        "domain": "TIME",
        "time": "PRONY",
        "table": [
            [
                0.384734613,
                0.384734613,
                0.0015
            ],
            [
                0.205201406,
                0.205201406,
                0.0334
            ],
            [
                0.160800216,
                0.160800216,
                0.7342
            ],
            [
                0.066457601,
                0.066457601,
                16.1529
            ],
            [
                0.077923763,
                0.077923763,
                355.3628
            ]
        ]
    }
}